Date,Name,Year,Letterboxd URI
2022-04-25,The Batman,2022,https://boxd.it/eDGs
2022-04-25,A Separation,2011,https://boxd.it/gvo
2022-04-25,Saw 3D,2010,https://boxd.it/Znk
2022-04-25,Enter the Void,2009,https://boxd.it/1dy2
2022-04-25,Inception,2010,https://boxd.it/1skk
2022-04-25,V for Vendetta,2005,https://boxd.it/29Ik
2022-04-25,The Matrix Revolutions,2003,https://boxd.it/2a12
2022-04-25,The Matrix Reloaded,2003,https://boxd.it/2a1c
2022-04-25,The Matrix,1999,https://boxd.it/2a1m
2022-04-25,Dogville,2003,https://boxd.it/2a8W
2022-04-25,Saw II,2005,https://boxd.it/2aRs
2022-04-25,Saw,2004,https://boxd.it/2aWW
2022-04-25,Memento,2000,https://boxd.it/2bcK
2022-04-25,Would You Rather,2012,https://boxd.it/3m0W
2022-04-25,Maniac,2012,https://boxd.it/3wzs
2022-04-25,Deadpool,2016,https://boxd.it/9fOC
2022-04-25,Hot Girls Wanted,2015,https://boxd.it/aitE
2022-04-25,Baby Driver,2017,https://boxd.it/bhF2
2022-04-25,Dark Crimes,2016,https://boxd.it/bkGs
2022-04-25,"Three Billboards Outside Ebbing, Missouri",2017,https://boxd.it/ceBS
2022-04-25,Split,2016,https://boxd.it/dgSy
2022-04-25,Terminal,2018,https://boxd.it/dqSo
2022-04-25,The Commuter,2018,https://boxd.it/dZ36
2022-04-25,The Shape of Water,2017,https://boxd.it/dZ5m
2022-04-25,Game Night,2018,https://boxd.it/fRtu
2022-04-25,Kill Bill: Vol. 1,2003,https://boxd.it/70w
2022-04-25,Exit Through the Gift Shop,2010,https://boxd.it/13E0
2022-04-25,The Human Centipede (First Sequence),2009,https://boxd.it/18Tu
2022-04-25,District 9,2009,https://boxd.it/1Iik
2022-04-25,Antichrist,2009,https://boxd.it/1Inu
2022-04-25,2012,2009,https://boxd.it/1OE2
2022-04-25,Max Payne,2008,https://boxd.it/1QXq
2022-04-25,Chaos Theory,2008,https://boxd.it/1R4G
2022-04-25,Saw V,2008,https://boxd.it/1SMa
2022-04-25,I Am Legend,2007,https://boxd.it/21DG
2022-04-25,The Machinist,2004,https://boxd.it/248c
2022-04-25,Hostel: Part II,2007,https://boxd.it/28i6
2022-04-25,Hostel,2005,https://boxd.it/28ig
2022-04-25,American Psycho,2000,https://boxd.it/28Vs
2022-04-25,Pulp Fiction,1994,https://boxd.it/29Pq
2022-04-25,Saw IV,2007,https://boxd.it/29Sa
2022-04-25,Men in Black,1997,https://boxd.it/2a0I
2022-04-25,Fight Club,1999,https://boxd.it/2a9q
2022-04-25,Reservoir Dogs,1992,https://boxd.it/2agc
2022-04-25,The Day After Tomorrow,2004,https://boxd.it/2aog
2022-04-25,Kill Bill: Vol. 2,2004,https://boxd.it/2au4
2022-04-25,Saw III,2006,https://boxd.it/2aRC
2022-04-25,8 Mile,2002,https://boxd.it/2bew
2022-04-25,The Human Centipede 2 (Full Sequence),2011,https://boxd.it/2yqg
2022-04-25,The Past,2013,https://boxd.it/4Ovg
2022-04-25,The Dark Knight Rises,2012,https://boxd.it/H3m
2022-04-25,About Elly,2009,https://boxd.it/18Ry
2022-04-25,The Truman Show,1998,https://boxd.it/18U8
2022-04-25,Shutter Island,2010,https://boxd.it/1U82
2022-04-25,WALL·E,2008,https://boxd.it/1VEo
2022-04-25,[REC],2007,https://boxd.it/20ma
2022-04-25,Desperado,1995,https://boxd.it/20Bk
2022-04-25,Death Proof,2007,https://boxd.it/27GG
2022-04-25,The Butterfly Effect,2004,https://boxd.it/27M0
2022-04-25,Mr. & Mrs. Smith,2005,https://boxd.it/29CG
2022-04-25,The Sixth Sense,1999,https://boxd.it/29Js
2022-04-25,Requiem for a Dream,2000,https://boxd.it/29VI
2022-04-25,The Ring,2002,https://boxd.it/2a70
2022-04-25,Amadeus,1984,https://boxd.it/2aH8
2022-04-25,The Silence of the Lambs,1991,https://boxd.it/2aHW
2022-04-25,Sin City,2005,https://boxd.it/2aVk
2022-04-25,The Dark Knight,2008,https://boxd.it/2b0k
2022-04-25,Donnie Darko,2001,https://boxd.it/2b2A
2022-04-25,Gladiator,2000,https://boxd.it/2b9m
2022-04-25,A Serbian Film,2010,https://boxd.it/2wBc
2022-04-25,The Wolf of Wall Street,2013,https://boxd.it/3C1m
2022-04-25,Interstellar,2014,https://boxd.it/4VZ8
2022-04-25,Birdman or (The Unexpected Virtue of Ignorance),2014,https://boxd.it/5RFA
2022-04-25,Nymphomaniac: Vol. II,2013,https://boxd.it/7j9Y
2022-04-25,Risk of Acid Rain,2015,https://boxd.it/cOyg
2022-04-25,No One Knows About Persian Cats,2009,https://boxd.it/BsK
2022-04-25,Westworld,1973,https://boxd.it/26RS
2022-04-25,Ant-Man,2015,https://boxd.it/3vmW
2022-04-25,House of Cards,1990,https://boxd.it/5tqG
2022-04-25,Tambourine,2008,https://boxd.it/6Nq4
2022-04-25,The Music Man,2007,https://boxd.it/7WVi
2022-04-25,Atomic Heart Mother,2015,https://boxd.it/aAOK
2022-04-25,The Fate of the Furious,2017,https://boxd.it/bbCw
2022-04-25,Narcos,1992,https://boxd.it/blRG
2022-04-25,mother!,2017,https://boxd.it/dgRU
2022-04-25,Lantouri,2016,https://boxd.it/dkfU
2022-04-25,Life and a Day,2016,https://boxd.it/dEZy
2022-04-25,Sound and Fury,2016,https://boxd.it/dN4Q
2022-04-25,Get Out,2017,https://boxd.it/eOCm
2022-04-25,Me,2016,https://boxd.it/f156
2022-04-25,Subdued,2017,https://boxd.it/fB9e
2022-04-25,Twin Peaks,1989,https://boxd.it/g8pk
2022-04-25,Black Mirror,2011,https://boxd.it/g9rm
2022-04-25,My Brother Khosrow,2017,https://boxd.it/gvlK
2022-04-25,7 Months Pregnant,2016,https://boxd.it/gTvY
2022-04-25,Life Is Elsewhere,2014,https://boxd.it/iKk2
2022-04-25,It Happened at Midnight,2016,https://boxd.it/kfpk
2022-04-25,The Misadventures of Rick and Morty,2015,https://boxd.it/mEDA
2022-04-25,South ParQ Vaccination Special,2021,https://boxd.it/ujwu
2022-04-25,Melancholia,2011,https://boxd.it/bPI
2022-04-25,Audition,1999,https://boxd.it/1UHm
2022-04-25,Hannibal,2001,https://boxd.it/1XVc
2022-04-25,Hard Candy,2005,https://boxd.it/26vs
2022-04-25,The Great Dictator,1940,https://boxd.it/29ic
2022-04-25,Se7en,1995,https://boxd.it/29zs
2022-04-25,Psycho,1960,https://boxd.it/2ab2
2022-04-25,The Green Mile,1999,https://boxd.it/2agG
2022-04-25,The Pianist,2002,https://boxd.it/2aqc
2022-04-25,Batman Begins,2005,https://boxd.it/2aIg
2022-04-25,The Terminator,1984,https://boxd.it/2aQY
2022-04-25,Mad Max: Fury Road,2015,https://boxd.it/2DjO
2022-04-25,Nymphomaniac: Vol. I,2013,https://boxd.it/7DiG
2022-04-25,Ex Machina,2015,https://boxd.it/7T2k
2022-04-25,Love,2015,https://boxd.it/9brE
2022-04-25,Deadpool 2,2018,https://boxd.it/dlLM
2022-04-25,Kedi,2016,https://boxd.it/dHxM
2022-04-25,The IT Crowd Manual,2014,https://boxd.it/dTEg
2022-04-25,Red Sparrow,2018,https://boxd.it/e7Pi
2022-04-25,Ocean's Eight,2018,https://boxd.it/eaai
2022-04-25,A Quiet Place,2018,https://boxd.it/fVJQ
2022-04-25,Truth or Dare,2018,https://boxd.it/grIA
2022-04-25,Twin Peaks: The Return,2017,https://boxd.it/hN9O
2022-04-25,The Girl with the Dragon Tattoo,2011,https://boxd.it/2Pa
2022-04-25,9 Songs,2004,https://boxd.it/702
2022-04-25,Finding Nemo,2003,https://boxd.it/72i
2022-04-25,Choke,2008,https://boxd.it/1P0i
2022-04-25,9,2009,https://boxd.it/1Scm
2022-04-25,Bitter Moon,1992,https://boxd.it/1W76
2022-04-25,The Nightmare Before Christmas,1993,https://boxd.it/1YzQ
2022-04-25,8MM,1999,https://boxd.it/20sC
2022-04-25,Black Snake Moan,2006,https://boxd.it/20KQ
2022-04-25,8MM 2,2005,https://boxd.it/2126
2022-04-25,Corpse Bride,2005,https://boxd.it/24WQ
2022-04-25,A Beautiful Mind,2001,https://boxd.it/2amk
2022-04-25,Carnage,2011,https://boxd.it/2peU
2022-04-25,Hostel: Part III,2011,https://boxd.it/2qoc
2022-04-25,American Mary,2012,https://boxd.it/48WY
2022-04-25,Finding Dory,2016,https://boxd.it/4aAA
2022-04-25,Her,2013,https://boxd.it/4O24
2022-04-25,The Imitation Game,2014,https://boxd.it/6aig
2022-04-25,John Wick,2014,https://boxd.it/7dEc
2022-04-25,Zootopia,2016,https://boxd.it/84xS
2022-04-25,Jimmy Vestvood: Amerikan Hero,2016,https://boxd.it/9w1s
2022-04-25,Deep Web,2015,https://boxd.it/arvY
2022-04-25,Before the Flood,2016,https://boxd.it/et2W
2022-04-25,Gaga: Five Foot Two,2017,https://boxd.it/gWwK
2022-04-25,Istanbul Junction,2018,https://boxd.it/iedy
2022-04-25,Losers' Club,2011,https://boxd.it/gxE
2022-04-25,Skyfall,2012,https://boxd.it/17Fc
2022-04-25,Splice,2009,https://boxd.it/17HW
2022-04-25,This Is It,2009,https://boxd.it/1PRw
2022-04-25,Malena,2000,https://boxd.it/1Vc0
2022-04-25,"Salò, or the 120 Days of Sodom",1975,https://boxd.it/237s
2022-04-25,Mulholland Drive,2001,https://boxd.it/297o
2022-04-25,Léon: The Professional,1994,https://boxd.it/2b8S
2022-04-25,Now You See Me,2013,https://boxd.it/2Bsu
2022-04-25,Nurse 3-D,2013,https://boxd.it/2IFA
2022-04-25,Desire,2011,https://boxd.it/33XU
2022-04-25,Side Effects,2013,https://boxd.it/3GA6
2022-04-25,Spectre,2015,https://boxd.it/6bXY
2022-04-25,Coherence,2013,https://boxd.it/6xza
2022-04-25,Lucy,2014,https://boxd.it/75hu
2022-04-25,What We Do in the Shadows,2014,https://boxd.it/7eQy
2022-04-25,The Theory of Everything,2014,https://boxd.it/7YtA
2022-04-25,The Martian,2015,https://boxd.it/8SeG
2022-04-25,Now You See Me 2,2016,https://boxd.it/99fw
2022-04-25,Suicide Squad,2016,https://boxd.it/9row
2022-04-25,Snowden,2016,https://boxd.it/9CWO
2022-04-25,John Wick: Chapter 2,2017,https://boxd.it/ayGu
2022-04-25,Venom,2018,https://boxd.it/b8wA
2022-04-25,The House That Jack Built,2018,https://boxd.it/dWO4
2022-04-25,Bohemian Rhapsody,2018,https://boxd.it/f1TK
2022-04-25,Dogtooth,2009,https://boxd.it/158K
2022-04-25,September,1987,https://boxd.it/1Awe
2022-04-25,The Shining,1980,https://boxd.it/29Nu
2022-04-25,Eyes Wide Shut,1999,https://boxd.it/2axs
2022-04-25,Taxi Driver,1976,https://boxd.it/2b8y
2022-04-25,The Dictator,2012,https://boxd.it/2DEW
2022-04-25,XX,2017,https://boxd.it/9pU6
2022-04-25,Annihilation,2018,https://boxd.it/9yzm
2022-04-25,Blade Runner 2049,2017,https://boxd.it/b8wK
2022-04-25,The Blind Owl,1975,https://boxd.it/biQA
2022-04-25,It,2017,https://boxd.it/bC8e
2022-04-25,Mission: Impossible – Fallout,2018,https://boxd.it/bSVc
2022-04-25,Fast & Furious Presents: Hobbs & Shaw,2019,https://boxd.it/dnDA
2022-04-25,The Killing of a Sacred Deer,2017,https://boxd.it/dZ5G
2022-04-25,Halloween,2018,https://boxd.it/f0uE
2022-04-25,Glass,2019,https://boxd.it/g3uO
2022-04-25,Unsane,2018,https://boxd.it/gKrS
2022-04-25,Green Book,2018,https://boxd.it/hErk
2022-04-25,Mortal World,2018,https://boxd.it/i1G8
2022-04-25,I Am Mother,2019,https://boxd.it/ihNE
2022-04-25,Escape Room,2019,https://boxd.it/iYlS
2022-04-25,Mirage,2018,https://boxd.it/jeOm
2022-04-25,El Camino: A Breaking Bad Movie,2019,https://boxd.it/kv0q
2022-04-25,"Love, Death & Robots: When the Yogurt Took Over",2019,https://boxd.it/lFSY
2022-04-25,Persona,2018,https://boxd.it/nBOM
2022-04-25,The Skin I Live In,2011,https://boxd.it/99A
2022-04-25,Louis C.K.: Hilarious,2010,https://boxd.it/PjM
2022-04-25,The Boys,1998,https://boxd.it/1Pl6
2022-04-25,Eastern Promises,2007,https://boxd.it/275q
2022-04-25,Zodiac,2007,https://boxd.it/27MO
2022-04-25,Being John Malkovich,1999,https://boxd.it/2ahu
2022-04-25,28 Days Later,2002,https://boxd.it/2aXU
2022-04-25,Snowpiercer,2013,https://boxd.it/3Icg
2022-04-25,Anthony Jeselnik: Thoughts and Prayers,2015,https://boxd.it/cvdS
2022-04-25,Toni Erdmann,2016,https://boxd.it/d0xu
2022-04-25,Ad Astra,2019,https://boxd.it/ePzI
2022-04-25,Joker,2019,https://boxd.it/h4cS
2022-04-25,Invasion,2017,https://boxd.it/hsoy
2022-04-25,Parasite,2019,https://boxd.it/hTha
2022-04-25,Doctor Sleep,2019,https://boxd.it/i5vI
2022-04-25,Patrick Melrose,2018,https://boxd.it/j1Pc
2022-04-25,Knives Out,2019,https://boxd.it/jWEA
2022-04-25,Black Mirror: Bandersnatch,2018,https://boxd.it/kTDG
2022-04-25,Anthony Jeselnik: Fire in the Maternity Ward,2019,https://boxd.it/lRBK
2022-04-25,The Social Dilemma,2020,https://boxd.it/opQI
2022-04-25,Sincerely Louis C.K.,2020,https://boxd.it/pKsO
2022-04-25,A Few Kilos of Dates for a Funeral,2006,https://boxd.it/Ose
2022-04-25,Zack and Miri Make a Porno,2008,https://boxd.it/1WsI
2022-04-25,Modest Reception,2012,https://boxd.it/3POc
2022-04-25,Fish & Cat,2013,https://boxd.it/7ai8
2022-04-25,I'm Not Angry!,2014,https://boxd.it/a7R6
2022-04-25,No Time to Die,2021,https://boxd.it/cPX2
2022-04-25,John Wick: Chapter 3 – Parabellum,2019,https://boxd.it/gmFw
2022-04-25,Us,2019,https://boxd.it/gnV6
2022-04-25,"No Date, No Signature",2017,https://boxd.it/gLyq
2022-04-25,It Chapter Two,2019,https://boxd.it/h10u
2022-04-25,Pig,2018,https://boxd.it/i11Y
2022-04-25,Red Notice,2021,https://boxd.it/ixtq
2022-04-25,Free Guy,2021,https://boxd.it/k8dm
2022-04-25,Tenet,2020,https://boxd.it/leq4
2022-04-25,Nobody,2021,https://boxd.it/mLqS
2022-04-25,The Platform,2019,https://boxd.it/mUm6
2022-04-25,The Matrix Resurrections,2021,https://boxd.it/n87k
2022-04-25,A Hero,2021,https://boxd.it/p2zw
2022-04-25,Money Heist: From Tokyo to Berlin,2021,https://boxd.it/x9cK
2022-04-25,Cold Sweat,2018,https://boxd.it/id8s
2022-04-25,Euphoria,2018,https://boxd.it/iMiM
2022-04-25,A Hairy Tail,2019,https://boxd.it/lnvi
2022-04-25,Titane,2021,https://boxd.it/nlQC
2022-04-25,Scream,2022,https://boxd.it/o0lg
2022-04-25,Dave Chappelle: The Closer,2021,https://boxd.it/xbe4
2022-04-25,Ratatouille,2007,https://boxd.it/27ww
2022-04-25,Once Upon a Time... in Hollywood,2019,https://boxd.it/gH0O
2022-04-25,The Social Network,2010,https://boxd.it/17ue
2022-04-25,Spider-Man,2002,https://boxd.it/2a8i
2022-04-25,Back to the Future,1985,https://boxd.it/2b8e
2022-04-25,Spider-Man 2,2004,https://boxd.it/2a88
2022-04-25,Iron Man,2008,https://boxd.it/28dA
2022-04-25,Titanic,1997,https://boxd.it/2a2k
2022-04-25,Toy Story,1995,https://boxd.it/29qA
2022-04-25,The Incredibles,2004,https://boxd.it/1XLm
2022-04-25,Scream,1996,https://boxd.it/24EC
2022-04-25,Shrek 2,2004,https://boxd.it/29z8
2022-04-25,Avatar,2009,https://boxd.it/1Efm
2022-04-25,The Hunger Games,2012,https://boxd.it/2uds
2022-04-25,Spider-Man 3,2007,https://boxd.it/2a7Y
2022-04-25,American Beauty,1999,https://boxd.it/71Y
2022-04-25,Iron Man 2,2010,https://boxd.it/1WZM
2022-04-25,The Devil Wears Prada,2006,https://boxd.it/2awE
2022-04-25,Toy Story 2,1999,https://boxd.it/29qq
2022-04-25,Home Alone,1990,https://boxd.it/29Fg
2022-04-25,Charlie and the Chocolate Factory,2005,https://boxd.it/2b68
2022-04-25,Ocean's Eleven,2001,https://boxd.it/2aZm
2022-04-25,Casino Royale,2006,https://boxd.it/1alk
2022-04-25,Squid Game,2021,https://boxd.it/x1OG
2022-04-25,The Queen's Gambit,2020,https://boxd.it/s1Ym
2022-04-25,Ready Player One,2018,https://boxd.it/aZes
2022-04-25,Room,2015,https://boxd.it/7T0y
2022-04-25,Terminator 2: Judgment Day,1991,https://boxd.it/2aGY
2022-04-25,Ice Age,2002,https://boxd.it/2apS
2022-04-25,The Evil Dead,1981,https://boxd.it/29Go
2022-04-25,The Incredible Hulk,2008,https://boxd.it/28dU
2022-04-25,X-Men,2000,https://boxd.it/1a7s
2022-04-25,Face/Off,1997,https://boxd.it/29I0
2022-04-25,The Mask,1994,https://boxd.it/29rS
2022-04-25,Funny Games,1997,https://boxd.it/1WKM
2022-04-25,Transformers,2007,https://boxd.it/280c
2022-04-25,Blade,1998,https://boxd.it/1a8A
2022-04-25,Chernobyl,2019,https://boxd.it/mkbG
2022-04-25,RoboCop,1987,https://boxd.it/22Wu
2022-04-25,Tropic Thunder,2008,https://boxd.it/20WM
2022-04-25,The Fast and the Furious,2001,https://boxd.it/1XMu
2022-04-25,Signs,2002,https://boxd.it/26t2
2022-04-25,Constantine,2005,https://boxd.it/2a7E
2022-04-25,Shrek,2001,https://boxd.it/29zi
2022-04-25,Die Hard,1988,https://boxd.it/2a7u
2022-04-25,Speed,1994,https://boxd.it/28qk
2022-04-25,X-Men: Apocalypse,2016,https://boxd.it/7eJi
2022-04-25,Indiana Jones and the Temple of Doom,1984,https://boxd.it/2bb8
2022-04-25,Night at the Museum,2006,https://boxd.it/28wi
2022-04-25,The Maze Runner,2014,https://boxd.it/5YPM
2022-04-25,High School Musical,2006,https://boxd.it/1V0y
2022-04-25,Cholera Street,1997,https://boxd.it/1dJ0
2022-04-25,Heist School,2006,https://boxd.it/1qzM
2022-04-25,“In the Blink of an Eye” A Coffee Documentary,2021,https://boxd.it/A8OE
2022-04-25,Sewage,2009,https://boxd.it/zE0
2022-04-25,Ev,2010,https://boxd.it/3PhC
2022-04-25,Minority Report,2002,https://boxd.it/2aWi
2022-04-25,Mission: Impossible,1996,https://boxd.it/29d2
2022-04-25,Mission: Impossible – Ghost Protocol,2011,https://boxd.it/psI
2022-04-25,Mission: Impossible III,2006,https://boxd.it/29cI
2022-04-25,Mission: Impossible II,2000,https://boxd.it/29cS
2022-04-25,Making 'The Shining',1980,https://boxd.it/1G9A
2022-05-18,X,2022,https://boxd.it/sxVa
2022-05-18,Devs,2020,https://boxd.it/ppHI
2022-05-18,A.I. Artificial Intelligence,2001,https://boxd.it/29Ve
2022-05-18,Rhino Season,2012,https://boxd.it/3If0
2022-05-18,Taxi,2015,https://boxd.it/amS4
2022-05-18,Facing Mirrors,2011,https://boxd.it/4q8W
2022-05-18,A Cube of Sugar,2011,https://boxd.it/3vi6
2022-05-18,Offside,2006,https://boxd.it/1QAm
2022-05-18,"I'm Taraneh, 15",2002,https://boxd.it/6G70
2022-05-18,M for Mother,2006,https://boxd.it/9Fbm
2022-05-18,Persepolis,2007,https://boxd.it/27DC
2022-05-18,The House Is Black,1963,https://boxd.it/STe
2022-05-18,Fireworks Wednesday,2006,https://boxd.it/TEa
2022-05-18,Crimson Gold,2003,https://boxd.it/11Pg
2022-05-18,The Salesman,2016,https://boxd.it/d2we
2022-05-18,Beautiful City,2004,https://boxd.it/39au
2022-05-18,What's the Time In Your World?,2014,https://boxd.it/9tBC
2022-05-18,A Dragon Arrives!,2016,https://boxd.it/d6Tm
2022-05-18,Fifi Howls from Happiness,2013,https://boxd.it/5eFw
2022-05-18,Nahid,2015,https://boxd.it/b6SY
2022-05-18,No Men Allowed,2011,https://boxd.it/dy00
2022-05-18,Sperm Whale,2015,https://boxd.it/crtC
2022-05-18,Mother,1990,https://boxd.it/7r0K
2022-05-18,The Frog,2020,https://boxd.it/N8tM
2022-05-18,5 in the Afternoon,2017,https://boxd.it/gNWE
2022-05-18,"The Good, the Bad & the Corny",2017,https://boxd.it/fLdK
2022-05-18,Castle of Dreams,2019,https://boxd.it/lmYS
2022-05-18,There Are Things You Don't Know,2010,https://boxd.it/c2CE
2022-05-18,Sperm Whale: Roya's Selection,2017,https://boxd.it/glCc
2022-05-18,Under the Skin of the City,2001,https://boxd.it/SQE
2022-05-18,Deportees,2007,https://boxd.it/dp3u
2022-05-18,The Guidance Patrol 2,2017,https://boxd.it/g7MM
2022-05-18,Cease Fire 2,2014,https://boxd.it/dtJu
2022-05-18,Asphyxia,2017,https://boxd.it/fDyg
2022-05-18,Parviz,2012,https://boxd.it/7wLQ
2022-05-18,Cease Fire,2006,https://boxd.it/SRM
2022-05-18,Leily is with Me,1996,https://boxd.it/doie
2022-05-18,Sensitive Floor,2014,https://boxd.it/aRDE
2022-05-18,Tala,2019,https://boxd.it/ltEK
2022-05-18,Redhat and Sarvenaz,2002,https://boxd.it/dup6
2022-05-18,I am Diego Maradona,2015,https://boxd.it/cXim
2022-05-18,The Nameless Alley,2015,https://boxd.it/eajO
2022-05-18,Old Men Never Die,2019,https://boxd.it/nH6m
2022-05-18,Snowman,1995,https://boxd.it/aHpi
2022-05-18,Cyanide,2016,https://boxd.it/jeaw
2022-05-18,"Ashkan, the Charmed Ring and Other Stories",2009,https://boxd.it/cdgO
2022-05-18,Tehran Has No More Pomegrenates!,2007,https://boxd.it/g5lE
2022-05-18,Kami's Party,2013,https://boxd.it/9KZQ
2022-05-18,Under the Moonlight,2001,https://boxd.it/7lv8
2022-05-18,Aba Jan,2017,https://boxd.it/fE7q
2022-05-18,Under Low Light,2021,https://boxd.it/z6Zo
2022-06-09,Euphoria: F*ck Anyone Who’s Not a Sea Blob,2021,https://boxd.it/tMkU
2022-06-09,Euphoria: Trouble Don't Last Always,2020,https://boxd.it/ta4a
2022-06-09,Your Honor,2020,https://boxd.it/sBBe
2022-06-09,Dexter: New Blood,2021,https://boxd.it/yRnO
2022-06-09,The Haunting of Hill House,2018,https://boxd.it/kfJ0
2022-06-09,Sharp Objects,2018,https://boxd.it/j3NM
2022-06-09,Watchmen,2019,https://boxd.it/ol5e
2022-06-09,This Is Going to Hurt,2022,https://boxd.it/B0Gk
2022-06-09,50 First Dates,2004,https://boxd.it/285c
2022-06-09,Scary Movie,2000,https://boxd.it/24CG
2022-06-30,Doctor Strange,2016,https://boxd.it/8MH8
2022-07-01,Doctor Strange in the Multiverse of Madness,2022,https://boxd.it/gaTc
2022-07-16,Dave Chappelle: What's in a Name?,2022,https://boxd.it/BG2Q
2022-07-22,Daniel Sloss: Live Shows,2018,https://boxd.it/nx3M
2022-07-23,Terminator 3: Rise of the Machines,2003,https://boxd.it/2aES
2022-07-31,Everything Everywhere All at Once,2022,https://boxd.it/jUk4
2022-08-02,Daniel Sloss: X,2019,https://boxd.it/nEGQ
2022-09-16,Fresh,2022,https://boxd.it/tCNi
2022-11-05,Barbarian,2022,https://boxd.it/yohi
2022-11-08,Smile,2022,https://boxd.it/xjfE
2022-11-11,Halloween Kills,2021,https://boxd.it/mxzG
2022-11-12,Bodies Bodies Bodies,2022,https://boxd.it/iRcE
2023-01-07,Glass Onion,2022,https://boxd.it/oCkK
2023-01-12,Gerald's Game,2017,https://boxd.it/buKa
2023-03-26,Leila's Brothers,2022,https://boxd.it/Aly0
2023-03-30,Holy Spider,2022,https://boxd.it/xBn2
2023-04-09,Nahid,2021,https://boxd.it/wo2o
2023-04-09,Sheeple,2018,https://boxd.it/iapg
2023-04-09,13,2014,https://boxd.it/7QXi
2023-04-09,Confessions of My Dangerous Mind,2015,https://boxd.it/f2O2
2023-04-09,Africa,2010,https://boxd.it/f2NS
2023-04-09,Law of Tehran,2019,https://boxd.it/ltEU
2023-04-09,Umbra,2018,https://boxd.it/iLKq
2023-04-09,The Warden,2019,https://boxd.it/l5SI
2023-04-09,Simulation,2017,https://boxd.it/fDVO
2023-04-09,Absolutely Tame Is a Horse,2011,https://boxd.it/eREq
2023-04-09,Absolute Rest,2015,https://boxd.it/c2XC
2023-04-09,Felicity Land,2011,https://boxd.it/ihd2
2023-04-09,Take Off,2016,https://boxd.it/h2dO
2023-04-09,This Is Not a Film,2011,https://boxd.it/2W4o
2023-04-09,Radio Dreams,2016,https://boxd.it/d4eQ
2023-04-09,Syphonic odyssey 2020,2020,https://boxd.it/tjNy
2023-04-09,Relax with Diazepam 10,2005,https://boxd.it/hua4
2023-04-09,Mina's Choice,2016,https://boxd.it/gLHW
2023-04-09,The Lizard,2004,https://boxd.it/2Ade
2023-04-09,Boutique,2003,https://boxd.it/cqkO
2023-04-09,Wooden Bridge,2012,https://boxd.it/dXvs
2023-04-09,Mainline,2006,https://boxd.it/8XAi
2023-04-09,Mum's Guest,2004,https://boxd.it/dd5S
2023-04-09,Lovely Trash,2014,https://boxd.it/l8vM
2023-04-09,Negar,2017,https://boxd.it/heTW
2023-04-09,Hamoon,1990,https://boxd.it/TEY
2023-04-09,Bomb: A Love Story,2018,https://boxd.it/idfo
2023-04-09,I Am Trying to Remember,2021,https://boxd.it/xKUY
2023-04-09,Yahya Sokoot Nakard,2015,https://boxd.it/j8O6
2023-04-09,Tale of the Sea,2018,https://boxd.it/jxS8
2023-04-09,Dance With Me,2019,https://boxd.it/oCVw
2023-04-09,Green Days,2009,https://boxd.it/gdb8
2023-04-09,Man on Pause,2022,https://boxd.it/FPCw
2023-04-09,Cem Yılmaz: Diamond Elite Platinum Plus,2021,https://boxd.it/yvJo
2023-04-09,Method,2021,https://boxd.it/ySIS
2023-04-09,Terapist,2021,https://boxd.it/NUx8
2023-05-18,Scream VI,2023,https://boxd.it/zdfW
2023-05-20,DAHMER - Monster: The Jeffrey Dahmer Story,2022,https://boxd.it/CRG0
2023-05-26,John Wick: Chapter 4,2023,https://boxd.it/mh48
2023-06-04,Money Shot: The Pornhub Story,2023,https://boxd.it/F7uo
2023-06-05,Kaybedenler Kulübü Yolda,2018,https://boxd.it/hRKk
2023-06-16,Hit the Road,2021,https://boxd.it/vBVO
2023-08-22,Subtraction,2022,https://boxd.it/C69o
2023-09-14,Louis C.K. at The Dolby,2023,https://boxd.it/FTBC
2023-10-31,No Hard Feelings,2023,https://boxd.it/xouu
2023-11-01,Don't Look Up,2021,https://boxd.it/o0Hc
2023-11-09,Mission: Impossible – Dead Reckoning,2023,https://boxd.it/l7zS
2023-11-10,Saw X,2023,https://boxd.it/zUWk
2023-11-25,The Killer,2023,https://boxd.it/u6WE
2023-11-25,The Wonderful Story of Henry Sugar,2023,https://boxd.it/yNyo
2023-12-04,Bodies,2023,https://boxd.it/JisQ
2023-12-05,Delighted,2016,https://boxd.it/jveK
2023-12-07,Ricky Gervais: SuperNature,2022,https://boxd.it/AKvK
2023-12-07,Ricky Gervais: Humanity,2018,https://boxd.it/ipiO
2023-12-14,Louis C.K.: Sorry,2021,https://boxd.it/yy7C
2023-12-15,Killers of the Flower Moon,2023,https://boxd.it/gHp0
2023-12-18,World War III,2022,https://boxd.it/BZBU
2023-12-20,Anatomy of a Fall,2023,https://boxd.it/yuDE
2023-12-23,Home Alone 2: Lost in New York,1992,https://boxd.it/29F6
2023-12-31,Ricky Gervais: Armageddon,2023,https://boxd.it/JQgE
2024-01-01,Leave the World Behind,2023,https://boxd.it/re0i
2024-01-26,Eileen,2023,https://boxd.it/oJcS
2024-02-09,Dr. Death: Cutthroat Conman,2023,https://boxd.it/Kdb8
2024-02-10,American Fiction,2023,https://boxd.it/DYHm
2024-02-18,The Beekeeper,2024,https://boxd.it/wJzS
2024-02-24,Freud's Last Session,2023,https://boxd.it/CMca
2024-03-20,Inside the Mind of a Cat,2022,https://boxd.it/BV14
2024-03-21,Poor Things,2023,https://boxd.it/tNWU
2024-03-22,Madame Web,2024,https://boxd.it/nwD0
2024-04-01,Anyone But You,2023,https://boxd.it/EzA8
2024-04-02,All of Us Strangers,2023,https://boxd.it/Bz3C
2024-04-02,Carol & the End of the World,2023,https://boxd.it/KihU
2024-04-05,The Tenants,1987,https://boxd.it/7WVs
2024-04-05,The Autopsy of Jane Doe,2016,https://boxd.it/dUu2
2024-04-07,Dirty Grandpa,2016,https://boxd.it/99pG
2024-04-12,The Zone of Interest,2023,https://boxd.it/gJsA
2024-04-26,Monkey Man,2024,https://boxd.it/kvsO
2024-05-11,The Little Things,2021,https://boxd.it/mdxU
2024-05-11,Baby Reindeer,2024,https://boxd.it/MwSa
2024-05-18,Graphic Sexual Horror,2009,https://boxd.it/y6c
2024-05-18,The Minimalists: Less Is Now,2021,https://boxd.it/t5Ww
2024-05-21,Fifty Shades of Grey,2015,https://boxd.it/6qLo
2024-05-22,Fifty Shades Darker,2017,https://boxd.it/bm2E
2024-05-25,Fifty Shades Freed,2018,https://boxd.it/bb5C
2024-06-02,365 Days,2020,https://boxd.it/oJ9O
2024-06-04,Carrie,2013,https://boxd.it/4kC2
2024-06-07,Immaculate,2024,https://boxd.it/Douw
2024-06-12,The Fall Guy,2024,https://boxd.it/s0Bm
2024-06-13,The Strangers: Chapter 1,2024,https://boxd.it/CcEM
2024-06-14,Nimic,2019,https://boxd.it/n10Q
2024-06-15,Hit Man,2023,https://boxd.it/ANB2
2024-06-18,Am I OK?,2022,https://boxd.it/nPqY
2024-06-20,The Idea of You,2024,https://boxd.it/vOW6
2024-06-25,IF,2024,https://boxd.it/nJwG
2024-06-28,Furiosa: A Mad Max Saga,2024,https://boxd.it/tABk
2024-06-30,8:46,2020,https://boxd.it/qL5e
2024-07-10,Civil War,2024,https://boxd.it/z1jW
2024-07-16,Society of the Snow,2023,https://boxd.it/y9aw
2024-07-24,Bad Boys: Ride or Die,2024,https://boxd.it/l3Ki
2024-08-09,Inside Out,2015,https://boxd.it/4KHC
2024-08-16,MaXXXine,2024,https://boxd.it/CIM4
2024-08-16,Passengers,2016,https://boxd.it/8lFu
2024-08-17,A Quiet Place: Day One,2024,https://boxd.it/sDAi
2024-08-20,Air,2023,https://boxd.it/Arlc
2024-08-22,Snatch,2000,https://boxd.it/2b7U
2024-08-23,National Anthem,2023,https://boxd.it/EWDE
2024-08-27,Longlegs,2024,https://boxd.it/KzLM
2024-08-28,The Killer,2024,https://boxd.it/ADLG
2024-08-30,Blonde,2022,https://boxd.it/9AG0
2024-09-03,Twisters,2024,https://boxd.it/qV7a
2024-09-05,Oddity,2024,https://boxd.it/K9pg
2024-09-06,Trap,2024,https://boxd.it/D4nK
2024-09-26,Kinds of Kindness,2024,https://boxd.it/CWPw
2024-10-04,Deadpool & Wolverine,2024,https://boxd.it/jq8s
2024-10-09,Wolfs,2024,https://boxd.it/x6zG
2024-10-16,The Substance,2024,https://boxd.it/zanS
2024-10-17,The Platform 2,2024,https://boxd.it/Gz88
2024-10-18,Daddio,2023,https://boxd.it/vOlY
2024-10-25,Sleep,2023,https://boxd.it/Aqmo
2024-10-26,Strange Darling,2023,https://boxd.it/CVIk
2024-10-28,Canary Black,2024,https://boxd.it/AT78
2024-10-29,My Favourite Cake,2024,https://boxd.it/KU6K
2024-11-22,Smile 2,2024,https://boxd.it/FDA4
2024-12-12,Late Night with the Devil,2023,https://boxd.it/zo6G
2024-12-17,Emilia Pérez,2024,https://boxd.it/AP3G
2025-01-16,The Dentist,1996,https://boxd.it/1YlO
2025-01-24,The Dentist 2,1998,https://boxd.it/188S
2025-01-24,The Image,1975,https://boxd.it/2ims
2025-02-05,Babygirl,2024,https://boxd.it/Fvai
2025-02-07,Back in Action,2025,https://boxd.it/By9k
2025-02-15,Anora,2024,https://boxd.it/Egcw
2025-02-21,Conclave,2024,https://boxd.it/AO8q
2025-02-21,Cuckoo,2024,https://boxd.it/wMjI
2025-03-02,Companion,2025,https://boxd.it/F04o
2025-03-04,Flow,2024,https://boxd.it/v1Ei
2025-03-18,The Gorge,2025,https://boxd.it/zRqK
2025-03-20,Suspiria,2018,https://boxd.it/cioI
2025-03-21,The Electric State,2025,https://boxd.it/tev0
2025-03-26,Adolescence,2025,https://boxd.it/TFGw
2025-04-09,Novocaine,2025,https://boxd.it/JmdA
2025-04-10,Mickey 17,2025,https://boxd.it/q1Dk
2025-04-11,The Monkey,2025,https://boxd.it/Gwiu
2025-04-18,A Working Man,2025,https://boxd.it/Jpmq
2025-04-20,Blink Twice,2024,https://boxd.it/vIOg
2025-04-22,The Cabin in the Woods,2011,https://boxd.it/1zOc
2025-05-09,Exterritorial,2025,https://boxd.it/KPu8
2025-06-07,Final Destination,2000,https://boxd.it/1YrC
2025-06-07,Hidden,2020,https://boxd.it/rSiw
2025-06-07,The Mindscape of Alan Moore,2003,https://boxd.it/2hvS
2025-06-12,Final Destination 2,2003,https://boxd.it/1YSS
2025-06-13,The Amateur,2025,https://boxd.it/F9NW
2025-06-15,The Doors,1991,https://boxd.it/1W18
2025-06-15,Poison Ivy,1992,https://boxd.it/1Z7y
2025-06-25,Final Destination 3,2006,https://boxd.it/1Z40
2025-06-25,The Final Destination,2009,https://boxd.it/1EmW
2025-06-26,Final Destination 5,2011,https://boxd.it/r1k
2025-06-28,Sinners,2025,https://boxd.it/KQMM
2025-06-29,Final Destination Bloodlines,2025,https://boxd.it/l5y4
2025-07-02,Thunderbolts*,2025,https://boxd.it/BfbQ
2025-07-03,Ballerina,2025,https://boxd.it/jKqG
2025-07-04,Locked,2025,https://boxd.it/F0gu
